dataset,sample_id,sample_name,sample_name_clean,cell_line,treatment_state,replicate,drug,treatment_time,washout,washout_time,expression_sample_name
GSE193258,GSM5777996,H1975_DMSO_1 [RNA-seq],H1975_DMSO_1,H1975,control,1,DMSO,24h,no,,H1975_DMSO_1
GSE193258,GSM5777997,H1975_DMSO_2 [RNA-seq],H1975_DMSO_2,H1975,control,2,DMSO,24h,no,,H1975_DMSO_2
GSE193258,GSM5777998,H1975_DMSO_3 [RNA-seq],H1975_DMSO_3,H1975,control,3,DMSO,24h,no,,H1975_DMSO_3
GSE193258,GSM5777999,H1975_long_washout_72h_1 [RNA-seq],H1975_long_washout_72h_1,H1975,long_washout,1,osimertinib,21d,yes,72h,H1975_long_wash_1
GSE193258,GSM5778000,H1975_long_washout_72h_2 [RNA-seq],H1975_long_washout_72h_2,H1975,long_washout,2,osimertinib,21d,yes,72h,H1975_long_wash_2
GSE193258,GSM5778001,H1975_long_washout_72h_3 [RNA-seq],H1975_long_washout_72h_3,H1975,long_washout,3,osimertinib,21d,yes,72h,H1975_long_wash_3
GSE193258,GSM5778002,H1975_osi_acute_1 [RNA-seq],H1975_osi_acute_1,H1975,acute,1,osimertinib,24h,no,,H1975_osi_acute_1
GSE193258,GSM5778003,H1975_osi_acute_2 [RNA-seq],H1975_osi_acute_2,H1975,acute,2,osimertinib,24h,no,,H1975_osi_acute_2
GSE193258,GSM5778004,H1975_osi_acute_3 [RNA-seq],H1975_osi_acute_3,H1975,acute,3,osimertinib,24h,no,,H1975_osi_acute_3
GSE193258,GSM5778005,H1975_osi_DTP_1 [RNA-seq],H1975_osi_DTP_1,H1975,DTP,1,osimertinib,21d,no,,H1975_osi_DTP_1
GSE193258,GSM5778006,H1975_osi_DTP_2 [RNA-seq],H1975_osi_DTP_2,H1975,DTP,2,osimertinib,21d,no,,H1975_osi_DTP_2
GSE193258,GSM5778007,H1975_osi_DTP_3 [RNA-seq],H1975_osi_DTP_3,H1975,DTP,3,osimertinib,21d,no,,H1975_osi_DTP_3
GSE193258,GSM5778008,H1975_short_washout_1 [RNA-seq],H1975_short_washout_1,H1975,short_washout,1,osimertinib,21d,yes,24h,H1975_short_wash_1
GSE193258,GSM5778009,H1975_short_washout_2 [RNA-seq],H1975_short_washout_2,H1975,short_washout,2,osimertinib,21d,yes,24h,H1975_short_wash_2
GSE193258,GSM5778010,H1975_short_washout_3 [RNA-seq],H1975_short_washout_3,H1975,short_washout,3,osimertinib,21d,yes,24h,H1975_short_wash_3
GSE193258,GSM5778011,HCC2935_DMSO_1 [RNA-seq],HCC2935_DMSO_1,HCC2935,control,1,DMSO,24h,no,,HCC2935_DMSO_1
GSE193258,GSM5778012,HCC2935_DMSO_2 [RNA-seq],HCC2935_DMSO_2,HCC2935,control,2,DMSO,24h,no,,HCC2935_DMSO_2
GSE193258,GSM5778013,HCC2935_DMSO_3 [RNA-seq],HCC2935_DMSO_3,HCC2935,control,3,DMSO,24h,no,,HCC2935_DMSO_3
GSE193258,GSM5778014,HCC2935_long_washout_10d_1 [RNA-seq],HCC2935_long_washout_10d_1,HCC2935,long_washout,1,osimertinib,21d,yes,10d,HCC2935_long_wash_1
GSE193258,GSM5778015,HCC2935_long_washout_10d_2 [RNA-seq],HCC2935_long_washout_10d_2,HCC2935,long_washout,2,osimertinib,21d,yes,10d,HCC2935_long_wash_2
GSE193258,GSM5778016,HCC2935_long_washout_10d_3 [RNA-seq],HCC2935_long_washout_10d_3,HCC2935,long_washout,3,osimertinib,21d,yes,10d,HCC2935_long_wash_3
GSE193258,GSM5778017,HCC2935_osi_acute_1 [RNA-seq],HCC2935_osi_acute_1,HCC2935,acute,1,osimertinib,24h,no,,HCC2935_osi_acute_1
GSE193258,GSM5778018,HCC2935_osi_acute_2 [RNA-seq],HCC2935_osi_acute_2,HCC2935,acute,2,osimertinib,24h,no,,HCC2935_osi_acute_2
GSE193258,GSM5778019,HCC2935_osi_acute_3 [RNA-seq],HCC2935_osi_acute_3,HCC2935,acute,3,osimertinib,24h,no,,HCC2935_osi_acute_3
GSE193258,GSM5778020,HCC2935_osi_DTP_1 [RNA-seq],HCC2935_osi_DTP_1,HCC2935,DTP,1,osimertinib,21d,no,,HCC2935_osi_DTP_1
GSE193258,GSM5778021,HCC2935_osi_DTP_2 [RNA-seq],HCC2935_osi_DTP_2,HCC2935,DTP,2,osimertinib,21d,no,,HCC2935_osi_DTP_2
GSE193258,GSM5778022,HCC2935_osi_DTP_3 [RNA-seq],HCC2935_osi_DTP_3,HCC2935,DTP,3,osimertinib,21d,no,,HCC2935_osi_DTP_3
GSE193258,GSM5778023,HCC2935_short_washout_1 [RNA-seq],HCC2935_short_washout_1,HCC2935,short_washout,1,osimertinib,21d,yes,24h,HCC2935_short_wash_1
GSE193258,GSM5778024,HCC2935_short_washout_2 [RNA-seq],HCC2935_short_washout_2,HCC2935,short_washout,2,osimertinib,21d,yes,24h,HCC2935_short_wash_2
GSE193258,GSM5778025,HCC2935_short_washout_3 [RNA-seq],HCC2935_short_washout_3,HCC2935,short_washout,3,osimertinib,21d,yes,24h,HCC2935_short_wash_3
GSE193258,GSM5778026,HCC827_DMSO_1 [RNA-seq],HCC827_DMSO_1,HCC827,control,1,DMSO,24h,no,,HCC827_DMSO_1
GSE193258,GSM5778027,HCC827_DMSO_2 [RNA-seq],HCC827_DMSO_2,HCC827,control,2,DMSO,24h,no,,HCC827_DMSO_2
GSE193258,GSM5778028,HCC827_DMSO_3 [RNA-seq],HCC827_DMSO_3,HCC827,control,3,DMSO,24h,no,,HCC827_DMSO_3
GSE193258,GSM5778029,HCC827_long_washout_96h_1 [RNA-seq],HCC827_long_washout_96h_1,HCC827,long_washout,1,osimertinib,21d,yes,96h,HCC827_long_wash_1
GSE193258,GSM5778030,HCC827_long_washout_96h_2 [RNA-seq],HCC827_long_washout_96h_2,HCC827,long_washout,2,osimertinib,21d,yes,96h,HCC827_long_wash_2
GSE193258,GSM5778031,HCC827_long_washout_96h_3 [RNA-seq],HCC827_long_washout_96h_3,HCC827,long_washout,3,osimertinib,21d,yes,96h,HCC827_long_wash_3
GSE193258,GSM5778032,HCC827_osi_acute_1 [RNA-seq],HCC827_osi_acute_1,HCC827,acute,1,osimertinib,24h,no,,HCC827_osi_acute_1
GSE193258,GSM5778033,HCC827_osi_acute_2 [RNA-seq],HCC827_osi_acute_2,HCC827,acute,2,osimertinib,24h,no,,HCC827_osi_acute_2
GSE193258,GSM5778034,HCC827_osi_acute_3 [RNA-seq],HCC827_osi_acute_3,HCC827,acute,3,osimertinib,24h,no,,HCC827_osi_acute_3
GSE193258,GSM5778035,HCC827_osi_DTP_1 [RNA-seq],HCC827_osi_DTP_1,HCC827,DTP,1,osimertinib,21d,no,,HCC827_osi_DTP_1
GSE193258,GSM5778036,HCC827_osi_DTP_2 [RNA-seq],HCC827_osi_DTP_2,HCC827,DTP,2,osimertinib,21d,no,,HCC827_osi_DTP_2
GSE193258,GSM5778037,HCC827_osi_DTP_3 [RNA-seq],HCC827_osi_DTP_3,HCC827,DTP,3,osimertinib,21d,no,,HCC827_osi_DTP_3
GSE193258,GSM5778038,HCC827_short_washout_1 [RNA-seq],HCC827_short_washout_1,HCC827,short_washout,1,osimertinib,21d,yes,24h,HCC827_short_wash_1
GSE193258,GSM5778039,HCC827_short_washout_2 [RNA-seq],HCC827_short_washout_2,HCC827,short_washout,2,osimertinib,21d,yes,24h,HCC827_short_wash_2
GSE193258,GSM5778040,HCC827_short_washout_3 [RNA-seq],HCC827_short_washout_3,HCC827,short_washout,3,osimertinib,21d,yes,24h,HCC827_short_wash_3
GSE193258,GSM5778041,PC9_DMSO_1 [RNA-seq],PC9_DMSO_1,PC9,control,1,DMSO,24h,no,,PC9_DMSO_1
GSE193258,GSM5778042,PC9_DMSO_2 [RNA-seq],PC9_DMSO_2,PC9,control,2,DMSO,24h,no,,PC9_DMSO_2
GSE193258,GSM5778043,PC9_DMSO_3 [RNA-seq],PC9_DMSO_3,PC9,control,3,DMSO,24h,no,,PC9_DMSO_3
GSE193258,GSM5778044,PC9_long_washout_7d_1 [RNA-seq],PC9_long_washout_7d_1,PC9,long_washout,1,osimertinib,21d,yes,7d,PC9_long_wash_1
GSE193258,GSM5778045,PC9_long_washout_7d_2 [RNA-seq],PC9_long_washout_7d_2,PC9,long_washout,2,osimertinib,21d,yes,7d,PC9_long_wash_2
GSE193258,GSM5778046,PC9_long_washout_7d_3 [RNA-seq],PC9_long_washout_7d_3,PC9,long_washout,3,osimertinib,21d,yes,7d,PC9_long_wash_3
GSE193258,GSM5778047,PC9_osi_acute_1 [RNA-seq],PC9_osi_acute_1,PC9,acute,1,osimertinib,24h,no,,PC9_osi_acute_1
GSE193258,GSM5778048,PC9_osi_acute_2 [RNA-seq],PC9_osi_acute_2,PC9,acute,2,osimertinib,24h,no,,PC9_osi_acute_2
GSE193258,GSM5778049,PC9_osi_acute_3 [RNA-seq],PC9_osi_acute_3,PC9,acute,3,osimertinib,24h,no,,PC9_osi_acute_3
GSE193258,GSM5778050,PC9_osi_DTP_1 [RNA-seq],PC9_osi_DTP_1,PC9,DTP,1,osimertinib,21d,no,,PC9_osi_DTP_1
GSE193258,GSM5778051,PC9_osi_DTP_2 [RNA-seq],PC9_osi_DTP_2,PC9,DTP,2,osimertinib,21d,no,,PC9_osi_DTP_2
GSE193258,GSM5778052,PC9_osi_DTP_3 [RNA-seq],PC9_osi_DTP_3,PC9,DTP,3,osimertinib,21d,no,,PC9_osi_DTP_3
GSE193258,GSM5778053,PC9_short_washout_1 [RNA-seq],PC9_short_washout_1,PC9,short_washout,1,osimertinib,21d,yes,24h,PC9_short_wash_1
GSE193258,GSM5778054,PC9_short_washout_2 [RNA-seq],PC9_short_washout_2,PC9,short_washout,2,osimertinib,21d,yes,24h,PC9_short_wash_2
GSE193258,GSM5778055,PC9_short_washout_3 [RNA-seq],PC9_short_washout_3,PC9,short_washout,3,osimertinib,21d,yes,24h,PC9_short_wash_3
