dataset,sample_id,sample_name
GSE193258,GSM5777996,H1975_DMSO_1 [RNA-seq]
GSE193258,GSM5777997,H1975_DMSO_2 [RNA-seq]
GSE193258,GSM5777998,H1975_DMSO_3 [RNA-seq]
GSE193258,GSM5777999,H1975_long_washout_72h_1 [RNA-seq]
GSE193258,GSM5778000,H1975_long_washout_72h_2 [RNA-seq]
GSE193258,GSM5778001,H1975_long_washout_72h_3 [RNA-seq]
GSE193258,GSM5778002,H1975_osi_acute_1 [RNA-seq]
GSE193258,GSM5778003,H1975_osi_acute_2 [RNA-seq]
GSE193258,GSM5778004,H1975_osi_acute_3 [RNA-seq]
GSE193258,GSM5778005,H1975_osi_DTP_1 [RNA-seq]
GSE193258,GSM5778006,H1975_osi_DTP_2 [RNA-seq]
GSE193258,GSM5778007,H1975_osi_DTP_3 [RNA-seq]
GSE193258,GSM5778008,H1975_short_washout_1 [RNA-seq]
GSE193258,GSM5778009,H1975_short_washout_2 [RNA-seq]
GSE193258,GSM5778010,H1975_short_washout_3 [RNA-seq]
GSE193258,GSM5778011,HCC2935_DMSO_1 [RNA-seq]
GSE193258,GSM5778012,HCC2935_DMSO_2 [RNA-seq]
GSE193258,GSM5778013,HCC2935_DMSO_3 [RNA-seq]
GSE193258,GSM5778014,HCC2935_long_washout_10d_1 [RNA-seq]
GSE193258,GSM5778015,HCC2935_long_washout_10d_2 [RNA-seq]
GSE193258,GSM5778016,HCC2935_long_washout_10d_3 [RNA-seq]
GSE193258,GSM5778017,HCC2935_osi_acute_1 [RNA-seq]
GSE193258,GSM5778018,HCC2935_osi_acute_2 [RNA-seq]
GSE193258,GSM5778019,HCC2935_osi_acute_3 [RNA-seq]
GSE193258,GSM5778020,HCC2935_osi_DTP_1 [RNA-seq]
GSE193258,GSM5778021,HCC2935_osi_DTP_2 [RNA-seq]
GSE193258,GSM5778022,HCC2935_osi_DTP_3 [RNA-seq]
GSE193258,GSM5778023,HCC2935_short_washout_1 [RNA-seq]
GSE193258,GSM5778024,HCC2935_short_washout_2 [RNA-seq]
GSE193258,GSM5778025,HCC2935_short_washout_3 [RNA-seq]
GSE193258,GSM5778026,HCC827_DMSO_1 [RNA-seq]
GSE193258,GSM5778027,HCC827_DMSO_2 [RNA-seq]
GSE193258,GSM5778028,HCC827_DMSO_3 [RNA-seq]
GSE193258,GSM5778029,HCC827_long_washout_96h_1 [RNA-seq]
GSE193258,GSM5778030,HCC827_long_washout_96h_2 [RNA-seq]
GSE193258,GSM5778031,HCC827_long_washout_96h_3 [RNA-seq]
GSE193258,GSM5778032,HCC827_osi_acute_1 [RNA-seq]
GSE193258,GSM5778033,HCC827_osi_acute_2 [RNA-seq]
GSE193258,GSM5778034,HCC827_osi_acute_3 [RNA-seq]
GSE193258,GSM5778035,HCC827_osi_DTP_1 [RNA-seq]
GSE193258,GSM5778036,HCC827_osi_DTP_2 [RNA-seq]
GSE193258,GSM5778037,HCC827_osi_DTP_3 [RNA-seq]
GSE193258,GSM5778038,HCC827_short_washout_1 [RNA-seq]
GSE193258,GSM5778039,HCC827_short_washout_2 [RNA-seq]
GSE193258,GSM5778040,HCC827_short_washout_3 [RNA-seq]
GSE193258,GSM5778041,PC9_DMSO_1 [RNA-seq]
GSE193258,GSM5778042,PC9_DMSO_2 [RNA-seq]
GSE193258,GSM5778043,PC9_DMSO_3 [RNA-seq]
GSE193258,GSM5778044,PC9_long_washout_7d_1 [RNA-seq]
GSE193258,GSM5778045,PC9_long_washout_7d_2 [RNA-seq]
GSE193258,GSM5778046,PC9_long_washout_7d_3 [RNA-seq]
GSE193258,GSM5778047,PC9_osi_acute_1 [RNA-seq]
GSE193258,GSM5778048,PC9_osi_acute_2 [RNA-seq]
GSE193258,GSM5778049,PC9_osi_acute_3 [RNA-seq]
GSE193258,GSM5778050,PC9_osi_DTP_1 [RNA-seq]
GSE193258,GSM5778051,PC9_osi_DTP_2 [RNA-seq]
GSE193258,GSM5778052,PC9_osi_DTP_3 [RNA-seq]
GSE193258,GSM5778053,PC9_short_washout_1 [RNA-seq]
GSE193258,GSM5778054,PC9_short_washout_2 [RNA-seq]
GSE193258,GSM5778055,PC9_short_washout_3 [RNA-seq]
