dataset,sample_id,expression_file,cell_line,oncogenic_driver,treatment_state,drug,treatment_duration,model_status,replicate
GSE255958,GSM8083374,GSM8083374_PC9_D_1.genes.results.gz,PC9,EGFR-mutant,control,DMSO,48h,parental,1
GSE255958,GSM8083375,GSM8083375_PC9_D_2.genes.results.gz,PC9,EGFR-mutant,control,DMSO,48h,parental,2
GSE255958,GSM8083376,GSM8083376_PC9_D_3.genes.results.gz,PC9,EGFR-mutant,control,DMSO,48h,parental,3
GSE255958,GSM8083377,GSM8083377_PC9_O2_1.genes.results.gz,PC9,EGFR-mutant,acute,osimertinib,48h,parental,1
GSE255958,GSM8083378,GSM8083378_PC9_O2_2.genes.results.gz,PC9,EGFR-mutant,acute,osimertinib,48h,parental,2
GSE255958,GSM8083379,GSM8083379_PC9_O2_3.genes.results.gz,PC9,EGFR-mutant,acute,osimertinib,48h,parental,3
GSE255958,GSM8083380,GSM8083380_PC9_O9_1.genes.results.gz,PC9,EGFR-mutant,DTP,osimertinib,9d,persister,1
GSE255958,GSM8083381,GSM8083381_PC9_O9_2.genes.results.gz,PC9,EGFR-mutant,DTP,osimertinib,9d,persister,2
GSE255958,GSM8083382,GSM8083382_PC9_O9_3.genes.results.gz,PC9,EGFR-mutant,DTP,osimertinib,9d,persister,3
GSE255958,GSM8083383,GSM8083383_PC9_d47_1.genes.results.gz,PC9,EGFR-mutant,resistant,osimertinib,48h,acquired_resistant,1
GSE255958,GSM8083384,GSM8083384_PC9_d47_2.genes.results.gz,PC9,EGFR-mutant,resistant,osimertinib,48h,acquired_resistant,2
GSE255958,GSM8083385,GSM8083385_PC9_d47_3.genes.results.gz,PC9,EGFR-mutant,resistant,osimertinib,48h,acquired_resistant,3
GSE255958,GSM8083386,GSM8083386_H3122_1.genes.results.gz,H3122,ALK-fusion,control,DMSO,48h,parental,1
GSE255958,GSM8083387,GSM8083387_H3122_2.genes.results.gz,H3122,ALK-fusion,control,DMSO,48h,parental,2
GSE255958,GSM8083388,GSM8083388_H3122_3.genes.results.gz,H3122,ALK-fusion,control,DMSO,48h,parental,3
GSE255958,GSM8083389,GSM8083389_H3122_4.genes.results.gz,H3122,ALK-fusion,acute,alectinib,48h,parental,1
GSE255958,GSM8083390,GSM8083390_H3122_5.genes.results.gz,H3122,ALK-fusion,acute,alectinib,48h,parental,2
GSE255958,GSM8083391,GSM8083391_H3122_6.genes.results.gz,H3122,ALK-fusion,acute,alectinib,48h,parental,3
GSE255958,GSM8083392,GSM8083392_H3122_7.genes.results.gz,H3122,ALK-fusion,DTP,alectinib,9d,persister,1
GSE255958,GSM8083393,GSM8083393_H3122_8.genes.results.gz,H3122,ALK-fusion,DTP,alectinib,9d,persister,2
GSE255958,GSM8083394,GSM8083394_H3122_9.genes.results.gz,H3122,ALK-fusion,DTP,alectinib,9d,persister,3
GSE255958,GSM8083395,GSM8083395_H3122_10.genes.results.gz,H3122,ALK-fusion,resistant,alectinib,48h,acquired_resistant,1
GSE255958,GSM8083396,GSM8083396_H3122_11.genes.results.gz,H3122,ALK-fusion,resistant,alectinib,48h,acquired_resistant,2
GSE255958,GSM8083397,GSM8083397_H3122_12.genes.results.gz,H3122,ALK-fusion,resistant,alectinib,48h,acquired_resistant,3
GSE255958,GSM8083398,GSM8083398_H358_1.genes.results.gz,H358,KRAS-mutant,control,DMSO,48h,parental,1
GSE255958,GSM8083399,GSM8083399_H358_2.genes.results.gz,H358,KRAS-mutant,control,DMSO,48h,parental,2
GSE255958,GSM8083400,GSM8083400_H358_3.genes.results.gz,H358,KRAS-mutant,control,DMSO,48h,parental,3
GSE255958,GSM8083401,GSM8083401_H358_4.genes.results.gz,H358,KRAS-mutant,acute,RMC-4550,48h,parental,1
GSE255958,GSM8083402,GSM8083402_H358_5.genes.results.gz,H358,KRAS-mutant,acute,RMC-4550,48h,parental,2
GSE255958,GSM8083403,GSM8083403_H358_6.genes.results.gz,H358,KRAS-mutant,acute,RMC-4550,48h,parental,3
GSE255958,GSM8083404,GSM8083404_H358_7.genes.results.gz,H358,KRAS-mutant,DTP,RMC-4550,9d,persister,1
GSE255958,GSM8083405,GSM8083405_H358_8.genes.results.gz,H358,KRAS-mutant,DTP,RMC-4550,9d,persister,2
GSE255958,GSM8083406,GSM8083406_H358_9.genes.results.gz,H358,KRAS-mutant,DTP,RMC-4550,9d,persister,3
GSE255958,GSM8083407,GSM8083407_H358_10.genes.results.gz,H358,KRAS-mutant,resistant,RMC-4550,48h,acquired_resistant,1
GSE255958,GSM8083408,GSM8083408_H358_11.genes.results.gz,H358,KRAS-mutant,resistant,RMC-4550,48h,acquired_resistant,2
GSE255958,GSM8083409,GSM8083409_H358_12.genes.results.gz,H358,KRAS-mutant,resistant,RMC-4550,48h,acquired_resistant,3
