dataset,sample_id,expression_file,cell_line,oncogenic_driver,treatment_state,drug,treatment_duration,model_status,replicate,PC1,PC2
GSE255958,GSM8083374,GSM8083374_PC9_D_1.genes.results.gz,PC9,EGFR-mutant,control,DMSO,48h,parental,1,-63.09397266569418,11.296190839057415
GSE255958,GSM8083375,GSM8083375_PC9_D_2.genes.results.gz,PC9,EGFR-mutant,control,DMSO,48h,parental,2,-62.35399003126234,10.491458081415292
GSE255958,GSM8083376,GSM8083376_PC9_D_3.genes.results.gz,PC9,EGFR-mutant,control,DMSO,48h,parental,3,-61.02310740920588,10.609917776038731
GSE255958,GSM8083377,GSM8083377_PC9_O2_1.genes.results.gz,PC9,EGFR-mutant,acute,osimertinib,48h,parental,1,11.584022107693531,-38.380751499314236
GSE255958,GSM8083378,GSM8083378_PC9_O2_2.genes.results.gz,PC9,EGFR-mutant,acute,osimertinib,48h,parental,2,11.37384386998542,-38.561785295684295
GSE255958,GSM8083379,GSM8083379_PC9_O2_3.genes.results.gz,PC9,EGFR-mutant,acute,osimertinib,48h,parental,3,11.296988444096021,-39.11181891912663
GSE255958,GSM8083380,GSM8083380_PC9_O9_1.genes.results.gz,PC9,EGFR-mutant,DTP,osimertinib,9d,persister,1,17.610947730641453,-10.059293743913276
GSE255958,GSM8083381,GSM8083381_PC9_O9_2.genes.results.gz,PC9,EGFR-mutant,DTP,osimertinib,9d,persister,2,18.208182987759216,-10.646954164318156
GSE255958,GSM8083382,GSM8083382_PC9_O9_3.genes.results.gz,PC9,EGFR-mutant,DTP,osimertinib,9d,persister,3,16.260128450858073,-12.942362574459995
GSE255958,GSM8083383,GSM8083383_PC9_d47_1.genes.results.gz,PC9,EGFR-mutant,resistant,osimertinib,48h,acquired_resistant,1,31.20542501219709,37.019097396881925
GSE255958,GSM8083384,GSM8083384_PC9_d47_2.genes.results.gz,PC9,EGFR-mutant,resistant,osimertinib,48h,acquired_resistant,2,34.21896469221721,43.110599855357165
GSE255958,GSM8083385,GSM8083385_PC9_d47_3.genes.results.gz,PC9,EGFR-mutant,resistant,osimertinib,48h,acquired_resistant,3,34.7125668107144,37.17570224806604
