PC1,PC2,expression_sample_name,dataset,sample_id,sample_name,sample_name_clean,cell_line,treatment_state,replicate,drug,treatment_time,washout,washout_time
-58.15270026970205,-44.24466116770957,HCC2935_DMSO_1,GSE193258,GSM5778011,HCC2935_DMSO_1 [RNA-seq],HCC2935_DMSO_1,HCC2935,control,1,DMSO,24h,no,
-61.108031626568405,-44.8859352729276,HCC2935_DMSO_2,GSE193258,GSM5778012,HCC2935_DMSO_2 [RNA-seq],HCC2935_DMSO_2,HCC2935,control,2,DMSO,24h,no,
-72.76353201209368,-34.29319202307562,HCC2935_DMSO_3,GSE193258,GSM5778013,HCC2935_DMSO_3 [RNA-seq],HCC2935_DMSO_3,HCC2935,control,3,DMSO,24h,no,
47.39197842379512,9.381904369330277,HCC2935_long_wash_1,GSE193258,GSM5778014,HCC2935_long_washout_10d_1 [RNA-seq],HCC2935_long_washout_10d_1,HCC2935,long_washout,1,osimertinib,21d,yes,10d
34.88694877085673,-18.37000556047973,HCC2935_long_wash_2,GSE193258,GSM5778015,HCC2935_long_washout_10d_2 [RNA-seq],HCC2935_long_washout_10d_2,HCC2935,long_washout,2,osimertinib,21d,yes,10d
29.51287147826992,-15.777820801320761,HCC2935_long_wash_3,GSE193258,GSM5778016,HCC2935_long_washout_10d_3 [RNA-seq],HCC2935_long_washout_10d_3,HCC2935,long_washout,3,osimertinib,21d,yes,10d
-50.26953081084861,42.59295730966393,HCC2935_osi_acute_1,GSE193258,GSM5778017,HCC2935_osi_acute_1 [RNA-seq],HCC2935_osi_acute_1,HCC2935,acute,1,osimertinib,24h,no,
-49.189512709443925,42.11603926924158,HCC2935_osi_acute_2,GSE193258,GSM5778018,HCC2935_osi_acute_2 [RNA-seq],HCC2935_osi_acute_2,HCC2935,acute,2,osimertinib,24h,no,
-56.429005237867386,57.05889091482872,HCC2935_osi_acute_3,GSE193258,GSM5778019,HCC2935_osi_acute_3 [RNA-seq],HCC2935_osi_acute_3,HCC2935,acute,3,osimertinib,24h,no,
31.4890011996805,4.900137125343057,HCC2935_osi_DTP_1,GSE193258,GSM5778020,HCC2935_osi_DTP_1 [RNA-seq],HCC2935_osi_DTP_1,HCC2935,DTP,1,osimertinib,21d,no,
42.320493195402264,28.544300748736724,HCC2935_osi_DTP_2,GSE193258,GSM5778021,HCC2935_osi_DTP_2 [RNA-seq],HCC2935_osi_DTP_2,HCC2935,DTP,2,osimertinib,21d,no,
41.095067798256885,3.6756925007368455,HCC2935_osi_DTP_3,GSE193258,GSM5778022,HCC2935_osi_DTP_3 [RNA-seq],HCC2935_osi_DTP_3,HCC2935,DTP,3,osimertinib,21d,no,
36.98430424570796,-13.921361139424938,HCC2935_short_wash_1,GSE193258,GSM5778023,HCC2935_short_washout_1 [RNA-seq],HCC2935_short_washout_1,HCC2935,short_washout,1,osimertinib,21d,yes,24h
40.54076878567309,-5.664851869073801,HCC2935_short_wash_2,GSE193258,GSM5778024,HCC2935_short_washout_2 [RNA-seq],HCC2935_short_washout_2,HCC2935,short_washout,2,osimertinib,21d,yes,24h
43.69087876888149,-11.112094403869035,HCC2935_short_wash_3,GSE193258,GSM5778025,HCC2935_short_washout_3 [RNA-seq],HCC2935_short_washout_3,HCC2935,short_washout,3,osimertinib,21d,yes,24h
