gene,DTP_vs_Control_logFC_H1975,DTP_vs_Control_FDR_H1975,Long_vs_Control_logFC_H1975,Long_vs_Control_FDR_H1975,long_retention_ratio_H1975,long_same_direction_H1975,DTP_responsive_H1975,Persistence_support_H1975,DTP_vs_Control_logFC_PC9,DTP_vs_Control_FDR_PC9,Long_vs_Control_logFC_PC9,Long_vs_Control_FDR_PC9,long_retention_ratio_PC9,long_same_direction_PC9,DTP_responsive_PC9,Persistence_support_PC9,DTP_vs_Control_logFC_HCC827,DTP_vs_Control_FDR_HCC827,Long_vs_Control_logFC_HCC827,Long_vs_Control_FDR_HCC827,long_retention_ratio_HCC827,long_same_direction_HCC827,DTP_responsive_HCC827,Persistence_support_HCC827,DTP_vs_Control_logFC_HCC2935,DTP_vs_Control_FDR_HCC2935,Long_vs_Control_logFC_HCC2935,Long_vs_Control_FDR_HCC2935,long_retention_ratio_HCC2935,long_same_direction_HCC2935,DTP_responsive_HCC2935,Persistence_support_HCC2935,n_DTP_responsive,n_persistence_support,median_long_retention,persistence_recurrence,persistence_direction,persistent_core_4of4,persistent_robust_3plus,generic_DTP_core,generic_DTP_2plus,generic_DTP_direction,generic_n_models_responsive,generic_median_logFC,generic_median_abs_logFC,cross_dataset_same_direction,generic_persistent_core,generic_persistent_robust,persistent_without_generic_core_support,persistent_without_generic_recurrent_support
MRAS,1.42885319010016,3.04013109426265e-05,1.55718809334859,1.30594584037483e-05,1.0890545296049,True,True,True,1.37895608384434,8.21511553039493e-05,1.48025968559442,0.000187361902142,1.07268608249521,True,True,True,5.72080057939004,7.72927267365407e-05,5.59084024359601,0.000113702644293,0.977112041222522,True,True,True,3.66906406409076,9.1379104246386e-06,3.02653738520604,0.0001232655419365,0.824655191940321,True,True,True,4,4,1.02489906185887,4_of_4,up,True,True,True,True,up,3.0,2.76414482620919,2.76414482620919,True,True,True,False,False
BMP1,1.04706238616831,0.0011423259556553,1.3640845494455,0.0001355963183373,1.3015299160125,True,True,True,2.42945445354838,1.82723410102002e-07,1.61963612872045,2.42709349645702e-05,0.666392298097106,True,True,True,1.45417786333303,2.75330803600234e-06,1.32316332679106,8.25915060938134e-06,0.909279449702736,True,True,True,1.66819486076026,1.5384296886585801e-09,1.8899705959127,4.65869845377945e-10,1.13226480643002,True,True,True,4,4,1.02077212806638,4_of_4,up,True,True,True,True,up,3.0,0.929876739034701,0.929876739034701,True,True,True,False,False
COL12A1,3.3570454191772,3.05782819974115e-07,3.57111284478763,2.36350666795129e-07,1.06344983435711,True,True,True,2.10803912610152,3.54087868218083e-08,2.02619921073851,1.17828696721393e-07,0.960721489545746,True,True,True,2.34401813001915,0.0005753126380606,2.27929445640222,0.0008246963267441,0.971973063757766,True,True,True,2.76635343558558,4.15588130861565e-05,3.49071556846273,9.25699743966454e-06,1.26139130751258,True,True,True,4,4,1.01771144905744,4_of_4,up,True,True,True,True,up,3.0,1.34837207780228,1.34837207780228,True,True,True,False,False
SYNCRIP,-0.616628107409187,0.0014124105692296,-0.661877293835783,0.0007721777087976,1.07164373819095,True,True,True,-1.11245482346358,1.87561226726699e-07,-0.597583080534585,0.0001042196572557,0.536692704492228,True,True,True,-0.719940524599997,0.0003387900679832,-0.774433299368779,0.000224979976538,1.07419859606097,True,True,True,-0.814031542532395,1.3814479915953e-06,-0.778899084847898,3.80954169595017e-06,0.955667411874356,True,True,True,4,4,1.01365557503265,4_of_4,down,True,True,True,True,down,3.0,-0.606722257714186,0.606722257714186,True,True,True,False,False
HSPG2,1.80348770834886,4.62942568303789e-06,2.08062604197283,1.64940931769831e-06,1.15302865868598,True,True,True,2.12377666036348,7.82495753982443e-08,1.41491644203452,7.61272084453156e-06,0.665913019673547,True,True,True,0.799099083647744,0.0106251187649084,0.686234601918554,0.0249672701147066,0.857687023949498,True,True,True,1.02661081781197,1.55259047322e-05,1.57590620497618,3.3541013565759e-07,1.53356326895396,True,True,True,4,4,1.00535784131774,4_of_4,up,True,True,True,True,up,3.0,1.06943694442103,1.06943694442103,True,True,True,False,False
CNTNAP1,2.29119305248426,1.03033700957031e-06,2.39244874502028,7.77019090228972e-07,1.0437378921585,True,True,True,2.57857298786588,5.24639348638882e-05,2.18491339301638,0.0009210290654661,0.847005842941468,True,True,True,1.81116626992944,0.0004359198005175,1.74465517381641,0.000690989698204,0.962745639164965,True,True,True,1.82159485501335,0.0022223303408388,2.00428758228236,0.001377326520788,1.09968903773059,True,True,True,4,4,1.00324176566173,4_of_4,up,True,True,True,True,up,3.0,1.17558174439564,1.17558174439564,True,True,True,False,False
SYNPO,1.50923554470091,4.83939820305305e-05,1.73687744426681,1.37763553354661e-05,1.150070563735,True,True,True,3.39558396931956,1.2970358614264e-05,2.43371974802575,0.0010917905383193,0.71651982403759,True,True,True,1.73245203969138,1.3172704097104e-06,1.7784348779915,1.41754451553351e-06,1.02594986031926,True,True,True,2.15686012361324,3.29959492313907e-08,2.11269243480063,5.47794143998084e-08,0.979068296263347,True,True,True,4,4,1.0025090782913,4_of_4,up,True,True,True,True,up,3.0,2.49235460192432,2.49235460192432,True,True,True,False,False
WDR77,-0.885913206632887,5.56758096041201e-05,-0.845623433049989,7.6515095617031e-05,0.953445530775608,True,True,True,-1.5101113969559,1.43422989107232e-06,-0.815540016915214,0.0008488032627195,0.53969549733931,True,True,True,-0.584716662154474,0.006309205866642,-0.60237268057893,0.0058611262367711,1.02843698924867,True,True,True,-0.642858529858249,0.0002702545205743,-0.641693772942153,0.0004204576634289,0.99663783763714,True,True,True,4,4,0.975041684206374,4_of_4,down,True,True,True,True,down,3.0,-1.06441650570367,1.06441650570367,True,True,True,False,False
SIDT2,1.09833976797144,4.12125460980097e-05,1.14414352902502,2.6558881113552e-05,1.04075515355571,True,True,True,1.89090512666977,6.08868870697407e-07,1.11253548594751,0.0003786216678254,0.588050357422443,True,True,True,1.01990100362788,0.0010633169174383,1.08363887545264,0.0007847837538881,1.06145343339052,True,True,True,1.86322057371917,1.27826980989041e-07,1.66443627104348,7.37025859925817e-07,0.892832261647497,True,True,True,4,4,0.966793707601604,4_of_4,up,True,True,True,True,up,3.0,1.03505466111538,1.03505466111538,True,True,True,False,False
PEA15,0.729309873231813,0.0005229808990932,0.653191013666348,0.0011009795351252,0.89440255103742,True,True,True,0.545958758985257,2.03414689960375e-05,0.563574635015142,7.95492026501585e-05,1.0303786633945,True,True,True,0.831671362896184,0.0006340478971455,0.656005365424154,0.0037273370209678,0.787832264511231,True,True,True,1.14318851958336,7.71061859452936e-06,1.14461116303132,1.32390330332104e-05,1.00036938270287,True,True,True,4,4,0.947385966870145,4_of_4,up,True,True,True,True,up,3.0,0.851276072991501,0.851276072991501,True,True,True,False,False
PDGFD,2.55702827463425,0.0004783846110916,2.91680653549629,0.0001381682174006,1.14025578388626,True,True,True,2.5310589837773,1.17816828874553e-07,1.96277738251382,4.78402679231078e-06,0.775170481844688,True,True,True,2.09576411301273,0.0044811013753833,1.8300177885483,0.0126471721020339,0.872781910559717,True,True,True,3.44088064189521,3.36353766335656e-05,3.5046325348282,4.85635997473632e-05,1.01823186201438,True,True,True,4,4,0.945506886287048,4_of_4,up,True,True,True,True,up,3.0,1.55546423054971,1.55546423054971,True,True,True,False,False
WFS1,1.14722583161564,0.0001411741005555,1.31271701204639,4.21320542452881e-05,1.14325681926115,True,True,True,0.728857468361649,7.7868129610504e-06,0.646947819265089,0.0001151352094949,0.886402958535628,True,True,True,1.13294226310349,0.0005854304316646,1.12947092291325,0.0007082892074522,0.996056818467986,True,True,True,1.39129579841755,2.15608208727438e-06,0.912605793167042,0.0002608621181585,0.655468323760143,True,True,True,4,4,0.941229888501807,4_of_4,up,True,True,True,True,up,3.0,1.09792169630879,1.09792169630879,True,True,True,False,False
ACKR3,3.29146223407442,6.99996524506111e-05,2.97116149645693,0.000178912545305,0.902413235209723,True,True,True,2.79801730590505,3.40613282662336e-07,2.13010030432418,2.32076423766937e-05,0.761017196939203,True,True,True,8.14594887161726,0.0052550624562485,7.88525821288803,0.0069107458957812,0.967878691415271,True,True,True,6.32078551949011,0.0130840576958434,6.32183160557976,0.0163324896335258,1.00000729004322,True,True,True,4,4,0.935145963312497,4_of_4,up,True,True,True,True,up,3.0,1.82308663912211,1.82308663912211,True,True,True,False,False
CTIF,1.14228766305104,4.6876251549362e-06,1.3088545294592,1.64940931769831e-06,1.14481645499989,True,True,True,2.33148233651699,1.76209639900057e-07,1.57470812346674,2.07127531845172e-05,0.675121135458712,True,True,True,2.33655157431164,6.72725032992716e-07,2.38661915624799,8.26887723656794e-07,1.02099101576007,True,True,True,2.84439907023913,1.33335248776405e-07,2.38281511479613,1.55480757165422e-06,0.837427389261035,True,True,True,4,4,0.929209202510553,4_of_4,up,True,True,True,True,up,3.0,1.08037454406068,1.08037454406068,True,True,True,False,False
CXXC5,0.571366157993717,0.000507876164757,0.558712661444112,0.0005916766262644,0.976145520906645,True,True,True,1.43822780920342,1.48555887722832e-06,0.973008898630522,0.0002394896164488,0.676063158596873,True,True,True,1.33075267155478,8.47107676090461e-05,1.20556358061048,0.0002350489089014,0.905245851095626,True,True,True,2.16052921706068,3.38025716206536e-06,2.05926128783646,9.90480730310626e-06,0.95268723253101,True,True,True,4,4,0.928966541813318,4_of_4,up,True,True,True,True,up,3.0,0.663662427366879,0.663662427366879,True,True,True,False,False
VTCN1,4.46739979088746,5.40364437181299e-05,4.068329042241,0.0001217348644206,0.910466662033613,True,True,True,4.78567411147374,8.90835314947129e-05,3.56442881583005,0.0032831850489841,0.744656672424399,True,True,True,3.51916577392979,0.0084271582884511,3.42583285595946,0.0111124586757832,0.97320213761836,True,True,True,2.4649592582925,0.0001967698078551,2.28294464162233,0.0006094973313543,0.92578360082198,True,True,True,4,4,0.918125131427797,4_of_4,up,True,True,True,True,up,3.0,2.20159947730123,2.20159947730123,True,True,True,False,False
FYN,1.42213307284307,2.22824638988796e-05,1.47219228439582,1.50573995144529e-05,1.03447268037608,True,True,True,1.38908065612945,5.59293180109145e-07,1.11409593538434,2.32076423766937e-05,0.801461361592094,True,True,True,0.902667748154372,0.0009655759500942,0.551749688711572,0.0262379919049683,0.610566980882577,True,True,True,0.801867730536845,0.0006750776171862,0.865177453594196,0.0005118121370642,1.07760895187018,True,True,True,4,4,0.917967020984087,4_of_4,up,True,True,True,True,up,3.0,1.36998270509358,1.36998270509358,True,True,True,False,False
SYNGR1,1.03476950028634,1.40151290642028e-05,1.11546615347088,6.88232486514203e-06,1.07694439077662,True,True,True,2.50852214553506,1.78503258284536e-07,1.76736758092779,1.70478850408564e-05,0.704264588408709,True,True,True,3.40316028248266,0.0016983084739926,3.2842924853406,0.0024562001735603,0.964787851571243,True,True,True,1.4321332971268,9.14173258318806e-05,1.23767738042689,0.0005993440780283,0.863616373234948,True,True,True,4,4,0.914202112403095,4_of_4,up,True,True,True,True,up,3.0,1.41022967307433,1.41022967307433,True,True,True,False,False
MMP24,3.82562584109093,9.91817385023487e-07,4.09305831538632,7.46915657734043e-07,1.06962595387153,True,True,True,2.01388588329611,7.33128967929792e-05,1.58387743751561,0.002090632728563,0.786087912296342,True,True,True,1.52394385672662,3.13215929181398e-05,1.47677534474298,4.851086969675e-05,0.96841292761621,True,True,True,2.63948085907514,3.68262240572182e-08,2.25123764871726,2.74807257066074e-07,0.85258624048719,True,True,True,4,4,0.9104995840517,4_of_4,up,True,True,True,True,up,3.0,2.67264678776737,2.67264678776737,True,True,True,False,False
ARHGAP31,1.46765110457161,0.0005997926106816,1.24646972816945,0.0021422102705637,0.848717387192537,True,True,True,2.70912203351028,0.0008643808259663,1.99282734438749,0.01705220671923,0.735327531286953,True,True,True,5.22997898218491,7.71921649536431e-06,5.07994260185624,1.3864552205945e-05,0.971126555690043,True,True,True,3.06672858063872,6.485086044696521e-09,2.98044133517867,1.0176145847743e-08,0.971546620515601,True,True,True,4,4,0.90992197144129,4_of_4,up,True,True,True,True,up,3.0,2.73050650368038,2.73050650368038,True,True,True,False,False
TLR1,1.61680248324605,0.0011321245344022,1.47143545641831,0.0023806180025403,0.909527257904772,True,True,True,3.47828932387616,0.0012680742457746,2.7768663816447,0.0143123199396015,0.798113098151632,True,True,True,2.9324197093989,0.0310634121431351,2.76449064744743,0.0451375430616182,0.942412242813325,True,True,True,1.86432106427852,0.0031409547723118,1.69041414973213,0.0085753677832906,0.906232273952237,True,True,True,4,4,0.907879765928505,4_of_4,up,True,True,True,True,up,3.0,1.56777237618307,1.56777237618307,True,True,True,False,False
UBE2H,0.822332821657101,5.08539503474338e-05,0.700369011362202,0.0001673067838609,0.850651149741106,True,True,True,1.31172686812901,2.36499327758176e-07,0.806301731631401,6.44929603735854e-05,0.614218959942976,True,True,True,0.685387648986767,2.36323888850103e-05,0.670235733810088,3.46253211177521e-05,0.976468231617335,True,True,True,1.04930647631469,6.71006139549471e-08,1.00902762195884,1.5356596004324e-07,0.960698276848974,True,True,True,4,4,0.90567471329504,4_of_4,up,True,True,True,True,up,3.0,0.951017126038422,0.951017126038422,True,True,True,False,False
MYL9,2.13422708124757,4.76654935918464e-05,2.13992355434443,4.16936118084056e-05,1.00219951926336,True,True,True,6.71285097811001,0.0004832381108155,5.44858162073775,0.005704511498799,0.811543425450226,True,True,True,3.19225287315038,5.1224394070373e-05,2.6337988004101,0.0003067291211411,0.824801199602981,True,True,True,2.20014807304613,0.000170988637506,2.16737794233529,0.0003048379696835,0.984657946857657,True,True,True,4,4,0.904729573230319,4_of_4,up,True,True,True,True,up,3.0,3.47020385072179,3.47020385072179,True,True,True,False,False
ALPP,2.59013355688108,4.03960719253824e-05,3.22311230829501,5.0976879990667e-06,1.24390049279229,True,True,True,5.0098789210258,3.5445023705214604e-09,4.05363929161181,4.99179886682431e-08,0.80896771913658,True,True,True,2.43496430729299,0.0001406934208591,2.43573300884612,0.0001677757676156,0.999905048507411,True,True,True,4.33198027271966,2.83001837363401e-08,2.76712716353763,5.12916124182082e-06,0.638619838857656,True,True,True,4,4,0.904436383821996,4_of_4,up,True,True,True,True,up,3.0,3.50102074686435,3.50102074686435,True,True,True,False,False
CHCHD10,-1.74273662475156,4.85207999816704e-07,-1.93622149122542,3.56143127920601e-07,1.11038643321567,True,True,True,-1.33646229647984,3.27685918345996e-07,-0.872765119654351,4.1270692614216e-05,0.65255306407623,True,True,True,-0.954887493660164,0.0014009215336147,-0.852753126620941,0.0033481593585897,0.892106165502476,True,True,True,-0.837413968522393,5.74234214385998e-05,-0.768020864843542,0.0001912744466794,0.91604015877394,True,True,True,4,4,0.904073162138208,4_of_4,down,True,True,True,True,down,3.0,-1.2092883293014,1.2092883293014,True,True,True,False,False
PELI1,1.54044427390454,0.0024509445414627,1.74750610485762,0.0008917217894309,1.13368101230875,True,True,True,1.02345032279336,0.0002012248771562,0.844697994369505,0.0028930704328675,0.824537779505281,True,True,True,1.53028552936262,4.21998953621945e-05,1.48073150818876,7.20444393400458e-05,0.96698589505061,True,True,True,1.20580559072361,4.07800338212439e-06,0.616318240397104,0.0034794653295761,0.510702175341726,True,True,True,4,4,0.895761837277945,4_of_4,up,True,True,True,True,up,3.0,1.42410030024592,1.42410030024592,True,True,True,False,False
GABARAPL1,2.61066912765308,1.03033700957031e-06,2.63088886068047,1.02450447667309e-06,1.00735917610079,True,True,True,3.34239905571671,2.49522742489266e-07,2.3548187028126,2.60677888847483e-05,0.704318767688294,True,True,True,1.59757899586522,9.00274682848126e-06,1.56147972484159,1.50998209326691e-05,0.976792344250995,True,True,True,3.58467748872076,6.256918457850301e-10,2.88093761205772,6.87031321199341e-09,0.803456981594163,True,True,True,4,4,0.890124662922579,4_of_4,up,True,True,True,True,up,3.0,2.12351148112272,2.12351148112272,True,True,True,False,False
COL4A4,5.25656457413272,0.0010515269001863,5.53903485979193,0.0006478661866185,1.05353624890202,True,True,True,3.09889667815651,3.57247991995389e-05,1.92694115405466,0.0060921134384173,0.621614638846802,True,True,True,3.47888833984108,0.028937423909054,3.31904983422079,0.0394841801966888,0.953780555606093,True,True,True,5.84648917181255,2.45764239993587e-07,4.7883062175673,2.73667965132732e-06,0.818865341495462,True,True,True,4,4,0.886322948550778,4_of_4,up,True,True,True,True,up,3.0,2.68893538504577,2.68893538504577,True,True,True,False,False
SMPD1,1.28892567115617,2.5928238185483e-05,1.44659915093816,8.76729880190701e-06,1.12145930830384,True,True,True,1.39386299690562,1.47430129876951e-06,1.03048045777059,0.0001409503565629,0.73876822315641,True,True,True,1.84801224382773,7.21631124381227e-06,1.90961352028635,8.25915060938134e-06,1.03277494600748,True,True,True,1.33569448476889,1.91816321860807e-06,0.911417316526198,0.0001427333293977,0.681844151308651,True,True,True,4,4,0.885771584581945,4_of_4,up,True,True,True,True,up,3.0,1.5658792622375,1.5658792622375,True,True,True,False,False
LIMS2,1.04485864513306,0.0089321862679031,0.904710734867063,0.0212949480597034,0.865041121070392,True,True,True,5.56728445405679,1.04851582244961e-05,4.16091646618475,0.0006367564571326,0.74725285687467,True,True,True,5.07123979211558,0.0017989910484383,5.15605018280718,0.0017455966046262,1.01652334947214,True,True,True,4.7297752387313,8.90162849190465e-07,4.28304690739933,4.59643497427258e-06,0.905358359098023,True,True,True,4,4,0.885199740084208,4_of_4,up,True,True,True,True,up,3.0,3.07749858569635,3.07749858569635,True,True,True,False,False
LBR,-1.03830970635095,8.7256892968643e-05,-1.01315908225932,0.0001014327858726,0.974838468329671,True,True,True,-2.37767538123082,1.29331714668351e-07,-1.26573550026328,3.72318792117413e-05,0.532117795580975,True,True,True,-0.943633658936122,0.0002461391925519,-0.997097184950865,0.0001976572724566,1.05553848893531,True,True,True,-1.43430652953118,3.16144097594826e-07,-1.11582055340108,5.12916124182082e-06,0.777409236593904,True,True,True,4,4,0.876123852461788,4_of_4,down,True,True,True,True,down,3.0,-2.09215477398068,2.09215477398068,True,True,True,False,False
CLU,2.36121615957908,1.10803585878468e-05,2.52120788511345,5.97519260655835e-06,1.06730617132121,True,True,True,2.84809371387694,1.06863841076321e-07,2.1856520484697,4.14585285260756e-06,0.767139402198023,True,True,True,4.02304283159386,2.06898136799413e-06,3.671341570775,6.07412554378867e-06,0.912351514240926,True,True,True,1.61227618489436,3.85646304534089e-05,1.33877476987401,0.0003567172275274,0.829848467614784,True,True,True,4,4,0.871099990927855,4_of_4,up,True,True,True,True,up,3.0,1.46732630724892,1.46732630724892,True,True,True,False,False
C20orf194,1.30276850246541,2.98708155824368e-06,1.37728642728118,1.88906551954872e-06,1.05638878733207,True,True,True,1.19572225393015,6.99723768566066e-05,0.856917089736043,0.003735065193086,0.716053442577712,True,True,True,1.28190412952072,1.75978959153595e-05,1.11604122010631,7.46867247174296e-05,0.869933453658187,True,True,True,2.03578883624525,5.90575942102247e-06,1.77481542862401,4.93144694511469e-05,0.871379200946437,True,True,True,4,4,0.870656327302312,4_of_4,up,True,True,True,True,up,3.0,1.19509179825033,1.19509179825033,True,True,True,False,False
GAA,0.698964326933355,0.0125287469026744,1.07002710910456,0.0006848495759059,1.52868806013658,True,True,True,1.85685222616296,2.01403914803358e-07,1.05887746684059,9.43276480903407e-05,0.56994708832548,True,True,True,0.556023792976961,0.0012182076860513,0.572362698966765,0.0010877766140264,1.02753725457189,True,True,True,0.576830426312015,0.0011296797013266,0.40375943455568,0.0168509137449676,0.69875073407377,True,True,True,4,4,0.86314399432283,4_of_4,up,True,True,True,True,up,3.0,0.964376239846134,0.964376239846134,True,True,True,False,False
SHISA4,0.649972214378323,0.0024240699329737,0.797879078628446,0.000485093364297,1.22567301799574,True,True,True,1.4049971554106,2.07312767211723e-06,1.15815171038824,7.77465331452601e-05,0.823722655434548,True,True,True,1.30751243378288,0.0006269308895174,1.17800724798204,0.0017639647969787,0.900264466403615,True,True,True,1.0420636931139,1.04091805219689e-05,0.743486227235289,0.0005127549982479,0.712790822021357,True,True,True,4,4,0.861993560919082,4_of_4,up,True,True,True,True,up,3.0,1.16166470853156,1.16166470853156,True,True,True,False,False
TUBA1A,1.62577177077035,1.86208213376185e-06,1.65296778916761,1.5918399156319e-06,1.01610306919996,True,True,True,2.77046575962039,3.96137268412032e-06,2.29641336838748,0.0001273021798507,0.828591643398842,True,True,True,4.26367961436126,8.05491826469716e-08,3.79069151172517,2.30856890169879e-07,0.888857277569002,True,True,True,2.09841268369411,6.48964313004302e-06,1.3174472421967,0.0008331477871776,0.627531334086508,True,True,True,4,4,0.858724460483922,4_of_4,up,True,True,True,True,up,3.0,2.5671573417239,2.5671573417239,True,True,True,False,False
CTSO,2.77311713419093,8.80283755684124e-05,3.18039281374469,2.39114463137965e-05,1.14645224404782,True,True,True,4.79426204162068,5.72537965004069e-05,2.88979996313395,0.0099393779634504,0.602636506212134,True,True,True,1.69908775916224,1.16249731573848e-05,1.54161636029965,3.68450624523109e-05,0.906786342052906,True,True,True,1.89342469218903,9.10741907069032e-08,1.53131733212798,1.606440889346e-06,0.808328427327731,True,True,True,4,4,0.857557384690319,4_of_4,up,True,True,True,True,up,3.0,1.5956177425277,1.5956177425277,True,True,True,False,False
TIMP2,1.43733165849868,8.2046363342072e-06,1.43336702861688,7.45735046093164e-06,0.996548341370041,True,True,True,3.06947522019414,2.59838270652694e-07,1.91117015116768,7.19571771911324e-05,0.622434644187371,True,True,True,2.29024326200563,2.1493211501691404e-09,2.04189209560153,1.10788453204507e-08,0.891172111430093,True,True,True,2.52572804557811,1.27795556374214e-08,2.07263968296619,1.26047628757392e-07,0.82028601637339,True,True,True,4,4,0.855729063901742,4_of_4,up,True,True,True,True,up,3.0,2.24976733591556,2.24976733591556,True,True,True,False,False
FAM136A,-0.651815706581872,0.0001360301041119,-0.67098528595685,0.0001074275641968,1.02783263207638,True,True,True,-1.30723713306036,3.58275406968379e-07,-0.724814226727804,0.0001662898792133,0.554038872931428,True,True,True,-0.682376460629841,0.0004217431054095,-0.554226050368758,0.0021580641011359,0.81101132728211,True,True,True,-0.905050161367514,3.28667606839462e-07,-0.812860450521505,1.56968659983458e-06,0.897147294024697,True,True,True,4,4,0.854079310653403,4_of_4,down,True,True,True,True,down,3.0,-0.603371547200649,0.603371547200649,True,True,True,False,False
NCKAP5L,1.2098671064539,3.7927131299363e-06,1.28881436198732,2.21589720688331e-06,1.06437308860565,True,True,True,1.34658512211149,1.98169126920916e-07,0.815565015849405,6.64572349156143e-05,0.605204823404047,True,True,True,1.16407144058344,0.0002666904631517,1.17595965936922,0.0002960945050633,1.00934553745505,True,True,True,1.35778560158055,1.07757598617865e-05,0.947395557365914,0.0006697242590529,0.697236971207154,True,True,True,4,4,0.853291254331102,4_of_4,up,True,True,True,True,up,3.0,0.811703246674074,0.811703246674074,True,True,True,False,False
PTGES3,-1.39345498597075,2.52008556617196e-06,-1.50623217125991,1.31441402615887e-06,1.08015833168781,True,True,True,-1.08083274649864,3.29868749243219e-07,-0.579891500475366,0.0002447076091688,0.536026943492133,True,True,True,-0.86314763620458,1.01691008664427e-05,-0.865952558064292,1.3864552205945e-05,1.00208867302772,True,True,True,-0.616842883089341,1.17526434191176e-05,-0.433508563906935,0.0005103105823136,0.701648551391097,True,True,True,4,4,0.851868612209409,4_of_4,down,True,True,True,True,down,3.0,-0.987361664095316,0.987361664095316,True,True,True,False,False
HHAT,2.89543115544814,0.0001009335854193,3.00393725305688,6.98461501113452e-05,1.03711674534591,True,True,True,1.2522483431285,6.73777603527343e-05,0.882233145202544,0.0040470833937869,0.703957160637623,True,True,True,2.15794446215026,2.11266682292583e-05,1.9783774210448,5.90284134353102e-05,0.916363276466307,True,True,True,1.7660415419627,1.53097122588158e-07,1.37505976582892,4.48142444529273e-06,0.778170593715417,True,True,True,4,4,0.847266935090862,4_of_4,up,True,True,True,True,up,3.0,1.64106780813526,1.64106780813526,True,True,True,False,False
CCT4,-0.928639804602096,6.72117455581335e-06,-0.975287850336029,4.27096512838427e-06,1.04910293804972,True,True,True,-1.65941443327806,1.14126537433471e-07,-0.990480476857593,2.29549967826188e-05,0.596526058197498,True,True,True,-0.559061951349086,0.0003849955247718,-0.57614501809039,0.0003492475369761,1.02871658519662,True,True,True,-0.697691653427929,5.90575942102247e-06,-0.455031008131545,0.0005368072765021,0.651261548494342,True,True,True,4,4,0.839989066845481,4_of_4,down,True,True,True,True,down,3.0,-0.936990997674463,0.936990997674463,True,True,True,False,False
SET,-0.543027245812141,0.000317939278667,-0.587172340042894,0.0001529729675033,1.07930686296115,True,True,True,-0.903497146220586,8.82576474932079e-07,-0.476685724980548,0.0007873477161028,0.527017389687038,True,True,True,-0.652688574266969,3.2889695799593e-05,-0.631246726063621,5.22474213632702e-05,0.965668899401349,True,True,True,-0.8611484268437,1.20138349439501e-06,-0.610510688915298,6.58843476036772e-05,0.708127127425564,True,True,True,4,4,0.836898013413456,4_of_4,down,True,True,True,True,down,3.0,-0.746314349362684,0.746314349362684,True,True,True,False,False
BDNF,1.90735556302947,0.0013962264330361,2.09084253226176,0.0006395353113729,1.09562524550854,True,True,True,5.1046632787543,1.32622927709172e-06,4.09939752684875,6.19476914846665e-05,0.802911845735533,True,True,True,2.04820646119669,3.44196593562259e-07,1.78010217711488,1.79814285606722e-06,0.868678784115945,True,True,True,1.63405706469122,1.71805053824903e-07,1.10685169586305,2.14285445222248e-05,0.676949887416974,True,True,True,4,4,0.835795314925739,4_of_4,up,True,True,True,True,up,3.0,1.42824463926104,1.42824463926104,True,True,True,False,False
PXDC1,1.68210703249163,7.61190073654386e-06,1.6799762748499,6.91649326059105e-06,0.998139893909721,True,True,True,1.53908502790061,1.04856525658164e-06,1.01802101849351,0.000228793850618,0.661016112779981,True,True,True,1.86339607172045,3.59162969681066e-06,1.63183368457086,1.53037978180767e-05,0.875261275928895,True,True,True,1.9374611622865,1.75155578824211e-08,1.51233388342945,3.58747891007593e-07,0.780172392850825,True,True,True,4,4,0.82771683438986,4_of_4,up,True,True,True,True,up,3.0,2.60956010122446,2.60956010122446,True,True,True,False,False
DNAJB2,0.748991158351492,0.0026749045425975,0.751363676231037,0.0025420079805622,1.00183004541355,True,True,True,1.77489920621316,3.53208574002813e-06,1.16140820223538,0.0006345383191349,0.653983175493338,True,True,True,1.40143568735046,8.14025668466056e-06,1.27696400442171,2.42871168791544e-05,0.91053302189864,True,True,True,0.973184291293252,2.67861990848793e-07,0.708536762595292,1.26906096468581e-05,0.727312859515209,True,True,True,4,4,0.818922940706925,4_of_4,up,True,True,True,True,up,3.0,1.15366200096053,1.15366200096053,True,True,True,False,False
MXD4,1.79093763855476,1.53235744951601e-06,1.87404765344827,1.09355409825694e-06,1.04582191540981,True,True,True,2.7289902323618,2.86979795210776e-07,1.68949418576935,9.00420062779744e-05,0.618864553338609,True,True,True,1.48393313678879,3.01015374362658e-05,1.4837493934953,3.730698738282e-05,0.999202830575894,True,True,True,2.31402602363372,2.84434760797133e-08,1.46887642464503,6.02531791487744e-06,0.634496722563596,True,True,True,4,4,0.816849776569745,4_of_4,up,True,True,True,True,up,3.0,1.28863275891177,1.28863275891177,True,True,True,False,False
MST1R,-0.987516498428425,0.0003407457731081,-0.854246568814607,0.0009535049958195,0.864170269462083,True,True,True,-0.690636923865211,0.0009449210447222,-0.770933769975774,0.0012384512138412,1.11465097274942,True,True,True,-1.81278052147783,8.00524695882617e-07,-1.10416341820929,2.78104460969104e-05,0.608763521900456,True,True,True,-1.60083414689989,5.3831687980262e-07,-1.2287681698084,9.84753679705592e-06,0.767100746470224,True,True,True,4,4,0.815635507966153,4_of_4,down,True,True,True,True,down,3.0,-1.5194940947841,1.5194940947841,True,True,True,False,False
SDF2L1,-0.855540007947936,3.72326802294368e-05,-0.90556508213462,2.44473233329576e-05,1.05723617546381,True,True,True,-1.1443952670541,2.98469875909665e-05,-0.636502017555164,0.0052873479680618,0.555705122819492,True,True,True,-0.982068712289853,0.0010025275275896,-0.910587328533098,0.0020273416241453,0.926270277091898,True,True,True,-1.1264189972507,1.75050510331586e-06,-0.794716171845137,6.06951617616009e-05,0.704898687873022,True,True,True,4,4,0.81558448248246,4_of_4,down,True,True,True,True,down,3.0,-1.55247341433532,1.55247341433532,True,True,True,False,False
GPR176,1.43273313372432,0.0008927787243538,1.25512361998738,0.0023248007460646,0.875423459543704,True,True,True,1.24929206004538,0.000352449492483,0.857313615159248,0.0133339745194312,0.685690681846073,True,True,True,1.11228408396279,0.004049977623071,0.838453844053558,0.0252469655901392,0.753135570814091,True,True,True,1.35692560550375,7.27934765190986e-05,1.31490812329521,0.000164749723019,0.968321178984926,True,True,True,4,4,0.814279515178898,4_of_4,up,True,True,True,True,up,3.0,3.85091235316733,3.85091235316733,True,True,True,False,False
SNRPG,-1.11979405679138,2.24913827534119e-05,-1.34849279898221,5.9045594421534e-06,1.2031584132795,True,True,True,-1.8151967865741,1.06903551898446e-07,-1.01855902235873,1.99541265951744e-05,0.560819747005523,True,True,True,-0.822049421134705,0.0006656314647052,-0.867898772049708,0.0005738614431779,1.0544916863597,True,True,True,-1.23772589696348,1.73747636695981e-06,-0.687693706452177,0.0004699733087285,0.555162129198992,True,True,True,4,4,0.807655716682611,4_of_4,down,True,True,True,True,down,3.0,-1.70313722684111,1.70313722684111,True,True,True,False,False
PIK3IP1,3.51678934531479,4.21208176328554e-05,3.35874364942443,5.84499268318719e-05,0.954788169421746,True,True,True,5.01705377741948,2.97805295095955e-05,2.69213938357972,0.0131787126759702,0.536490739835025,True,True,True,2.85195320594738,1.70712567016576e-05,2.60619597616894,4.85038755274009e-05,0.913508139823661,True,True,True,2.17938970279191,7.51011578757492e-06,1.52803029459524,0.0004438938846041,0.7008060497803,True,True,True,4,4,0.807157094801981,4_of_4,up,True,True,True,True,up,3.0,3.66508348201078,3.66508348201078,True,True,True,False,False
RFT1,-0.75960453240293,6.3477726112973e-06,-0.765271048847214,5.72275612845309e-06,1.00613527299074,True,True,True,-1.04470807969523,8.20054146265499e-07,-0.6355308293527,0.0002119660305809,0.607751667690972,True,True,True,-0.57667241143942,0.0027667136751646,-0.740603837292713,0.0006490583394705,1.28204813424845,True,True,True,-0.942489652579482,3.14837969949686e-05,-0.533195575442847,0.0035331379928453,0.565131344032339,True,True,True,4,4,0.806943470340856,4_of_4,down,True,True,True,True,down,3.0,-0.678354872663933,0.678354872663933,True,True,True,False,False
PNP,-1.02121166886919,2.75731617353733e-05,-1.17371187805021,8.69770905905958e-06,1.14820825646475,True,True,True,-2.39463756929,3.72459090977718e-07,-1.20664459628533,0.0001528278572429,0.503684118062544,True,True,True,-1.22866395195589,2.81024858509866e-05,-1.24547919549589,3.30349201473171e-05,1.01286143544734,True,True,True,-2.59385494962873,5.31707172024463e-09,-1.55567408125317,4.81398190686116e-07,0.599522559623518,True,True,True,4,4,0.806191997535429,4_of_4,down,True,True,True,True,down,3.0,-1.57644060181321,1.57644060181321,True,True,True,False,False
ING4,0.973517500226249,0.0002477815500151,0.999434403276406,0.000197193433197,1.02556845109952,True,True,True,1.8954548012135,2.02870503933305e-07,1.2033435668412,4.69709031796116e-05,0.634522671498001,True,True,True,1.05391167528473,0.0007092551296983,1.02553990379593,0.0010509441662041,0.97215712729611,True,True,True,1.92521959677888,5.13767539823758e-07,1.15562295381189,0.0002238858206176,0.59994351409589,True,True,True,4,4,0.803339899397056,4_of_4,up,True,True,True,True,up,3.0,1.72944143479724,1.72944143479724,True,True,True,False,False
MAP2,3.15581702443495,0.0015538035360581,3.14965825807075,0.0015306780690901,0.997732283401671,True,True,True,4.03371790915744,9.2643064961829e-07,3.05123851224693,7.19571771911324e-05,0.756245809730999,True,True,True,4.66964418778435,0.0116699958141958,3.9633490348756,0.0310033165562099,0.848565824226428,True,True,True,3.33241470573634,3.34675133960989e-07,2.52558092039994,9.99579849486657e-06,0.75765578043853,True,True,True,4,4,0.803110802332479,4_of_4,up,True,True,True,True,up,3.0,2.31188638220849,2.31188638220849,True,True,True,False,False
NATD1,3.00365245324556,5.10533220755015e-05,3.15380046381792,3.00505085587153e-05,1.04963902244709,True,True,True,4.23830467712297,3.64490111167547e-06,2.6452859872725,0.0011687988127075,0.623990533529602,True,True,True,3.55760943731838,3.02247852429471e-06,3.48953182679604,4.89273194028462e-06,0.980588594579125,True,True,True,3.55845950505041,1.96896944582605e-06,2.06101127255364,0.0010337429007204,0.5790236606511,True,True,True,4,4,0.802289564054363,4_of_4,up,True,True,True,True,up,3.0,3.3896535072183,3.3896535072183,True,True,True,False,False
TAGLN,1.71695089936604,0.0005849584502708,1.38159576978276,0.0025613654282349,0.804211441836084,True,True,True,3.60039885675752,5.79800189671815e-05,2.80748419229713,0.0017229034128658,0.779553807829222,True,True,True,3.12030767348649,0.0046797924785332,2.47912146747142,0.0213551320628844,0.79425731994637,True,True,True,2.88368976840253,0.0001205978156362,3.00135933250569,0.0001407151845127,1.04044440597429,True,True,True,4,4,0.799234380891227,4_of_4,up,True,True,True,True,up,3.0,3.74488474513572,3.74488474513572,True,True,True,False,False
STK39,-1.15323236854383,2.65156056466383e-05,-1.1148589230263,3.25459711287778e-05,0.965887765245049,True,True,True,-1.65059248724026,5.40212965997556e-07,-1.23055041767713,2.64684920985725e-05,0.745069033181016,True,True,True,-1.13993355476894,2.33818735440406e-05,-0.947201906518822,0.0001140199949174,0.830199009012973,True,True,True,-1.05559489791639,6.97679465330577e-07,-0.800452940994983,1.66241681489125e-05,0.757577897237134,True,True,True,4,4,0.793888453125054,4_of_4,down,True,True,True,True,down,3.0,-0.978707000875692,0.978707000875692,True,True,True,False,False
OPTN,0.890721241367523,6.7337780803778e-05,0.798013653066458,0.0001626194451939,0.894913809435158,True,True,True,2.56994086943981,1.00563757848331e-06,1.58273537778363,0.0003805709041313,0.615624963062063,True,True,True,1.29845096052285,4.14221249372953e-05,1.11882518369901,0.0001837765457086,0.86099838908029,True,True,True,0.882472052013226,0.0001807708046956,0.636978775350481,0.0039353192619182,0.720994822528857,True,True,True,4,4,0.790996605804574,4_of_4,up,True,True,True,True,up,3.0,2.13367178580401,2.13367178580401,True,True,True,False,False
BCCIP,-0.723539943448555,0.0002475479347273,-0.793920996415038,0.0001123937930888,1.0957587688489,True,True,True,-1.56635973529553,2.22703985921481e-07,-1.01508991309077,2.52624637425979e-05,0.647643224610062,True,True,True,-0.905125023575007,5.81921505490818e-05,-0.798090986352435,0.0001912909390739,0.880773585971242,True,True,True,-0.830007809412577,1.06237493214255e-05,-0.582027961884431,0.0003871344623029,0.700388077334502,True,True,True,4,4,0.790580831652872,4_of_4,down,True,True,True,True,down,3.0,-0.780616988308178,0.780616988308178,True,True,True,False,False
MAGED2,1.71043464787101,7.86022694923829e-07,1.7339957204325,7.63071940392792e-07,1.01318254985053,True,True,True,2.53678399240592,8.53110132725971e-07,1.29502848515175,0.0011943741539113,0.510298941528121,True,True,True,2.29654769582772,5.21049739425109e-06,2.04975709616333,1.76943544425393e-05,0.892149964888925,True,True,True,1.47087387194683,4.6224115298608e-08,1.0017806586366,4.05019924640619e-06,0.680615831104847,True,True,True,4,4,0.786382897996886,4_of_4,up,True,True,True,True,up,3.0,1.75621271664624,1.75621271664624,True,True,True,False,False
NAA50,-0.619407483575858,0.0004734677541723,-0.755563419435448,8.77271114859061e-05,1.21785026686105,True,True,True,-1.117767011242,7.61368538547507e-07,-0.602396516247862,0.0005675702360153,0.538446799194688,True,True,True,-1.18533582562894,1.65834896818393e-05,-1.11667153530813,3.32033098435163e-05,0.941277765691787,True,True,True,-0.808159757223022,8.46183705499677e-07,-0.504187523504179,0.0001478573851579,0.623100097358418,True,True,True,4,4,0.782188931525102,4_of_4,down,True,True,True,True,down,3.0,-0.839056396506695,0.839056396506695,True,True,True,False,False
TUFT1,1.86965393906903,7.47468916197461e-06,1.93132890252634,5.22225322759304e-06,1.0324351619453,True,True,True,1.84062538824358,8.39196406121565e-07,1.11542238465065,0.0003208620766823,0.605672788706755,True,True,True,1.02780856479149,0.0002821741041838,0.65076818038535,0.0085753231074057,0.632545453698903,True,True,True,1.37050151616241,3.48888451112414e-08,1.272548591431,1.01185603036199e-07,0.927850663258259,True,True,True,4,4,0.780198058478581,4_of_4,up,True,True,True,True,up,3.0,1.63223543660861,1.63223543660861,True,True,True,False,False
CLSTN3,1.63515919600294,4.90453155407389e-05,1.48067447007708,0.0001146607097961,0.904969683692332,True,True,True,1.83077048810638,3.66470047195222e-06,0.940820431679594,0.0035067441166446,0.513612615656987,True,True,True,0.770565562515579,0.0050797056481112,0.640873145666985,0.0166432862815343,0.830613983829851,True,True,True,1.6066894839131,2.00341988347925e-06,1.15734815712517,0.0001032802860523,0.719882893248886,True,True,True,4,4,0.775248438539369,4_of_4,up,True,True,True,True,up,3.0,0.831452727638977,0.831452727638977,True,True,True,False,False
CCDC58,-0.939197882504322,6.142542802171e-06,-1.05742262569353,2.89260906125231e-06,1.12468092661192,True,True,True,-1.39121335901265,1.51946243156099e-06,-0.910075079610741,0.0001711975313923,0.653689374347163,True,True,True,-1.02854976459926,0.0013053761255685,-0.922681688592351,0.0030974557443122,0.896199212819493,True,True,True,-0.727840171227573,0.0006083331070854,-0.415804269221431,0.0251559567874698,0.570501305548374,True,True,True,4,4,0.774944293583328,4_of_4,down,True,True,True,True,down,3.0,-0.995707429513548,0.995707429513548,True,True,True,False,False
ORMDL3,0.972507535178188,4.60668271405886e-07,0.898711041362485,8.32350140475322e-07,0.923168038137463,True,True,True,1.16044769240874,1.63058743675031e-06,0.681274567762248,0.0007622590751246,0.586573611721889,True,True,True,1.00176875035597,1.57655823895276e-06,0.880647666840674,6.5584769849318e-06,0.878216105685439,True,True,True,1.15686836773301,1.2978710594508e-06,0.773157339761319,0.0001319499537208,0.667742000133472,True,True,True,4,4,0.772979052909455,4_of_4,up,True,True,True,True,up,3.0,1.0687195530401,1.0687195530401,True,True,True,False,False
CHAC2,-1.46560636087767,6.53970438828963e-05,-1.69652624163718,2.65843873857538e-05,1.1567700010669,True,True,True,-3.01988006311505,1.25679021841954e-06,-1.76899987185574,9.90593440711721e-05,0.58559089897518,True,True,True,-1.35501585552002,0.0014714701842131,-1.29593282569744,0.002366579508736,0.955691499049959,True,True,True,-1.56932113748412,3.83879712731154e-05,-0.880126489878064,0.0026633322460255,0.560475477830065,True,True,True,4,4,0.770641199012569,4_of_4,down,True,True,True,True,down,3.0,-2.52290508180348,2.52290508180348,True,True,True,False,False
NEDD9,2.56368491013266,3.94425321758952e-07,2.50927009427846,5.46939032801558e-07,0.978393129060313,True,True,True,3.37131077893312,1.37029501906794e-07,2.35008114556591,1.17335097007396e-05,0.696875614266308,True,True,True,2.96618253571469,0.0014073495184267,2.27678899734739,0.0102752422338852,0.767323536702804,True,True,True,1.89760087206477,6.86725175785144e-08,1.46006774011691,1.59896435261933e-06,0.769023000884359,True,True,True,4,4,0.768173268793581,4_of_4,up,True,True,True,True,up,3.0,2.48984362249879,2.48984362249879,True,True,True,False,False
SNRPA1,-0.88559466780315,0.0002105308878977,-1.03337041172528,6.8644881581123e-05,1.16554999624103,True,True,True,-1.39827359491039,2.38690522631843e-07,-0.719096148724575,0.0001504677782777,0.513906752289302,True,True,True,-0.972561666089332,4.12211505924061e-05,-0.908636980194614,8.9589623390582e-05,0.93331219977517,True,True,True,-0.764434800120038,3.26565390821751e-05,-0.460070704231377,0.0029958612176854,0.601057992345301,True,True,True,4,4,0.767185096060236,4_of_4,down,True,True,True,True,down,3.0,-1.51848036780855,1.51848036780855,True,True,True,False,False
WIPI1,1.37054880446748,3.17751265457575e-06,1.21616307523246,7.92085128994526e-06,0.88670783808138,True,True,True,2.36264724025523,1.84966211410599e-05,1.22165559833664,0.0126740036859081,0.516851913234195,True,True,True,2.15583385130482,1.41183192354584e-05,1.82831295183927,8.56394631278204e-05,0.847683724331939,True,True,True,1.53356232732759,1.89118789474788e-07,1.03921283933178,2.37280330082537e-05,0.677204712265776,True,True,True,4,4,0.762444218298858,4_of_4,up,True,True,True,True,up,3.0,1.75904079162717,1.75904079162717,True,True,True,False,False
SCUBE3,0.815484706678627,0.0389248084183869,0.964932903228779,0.0161208241893486,1.18181381149688,True,True,True,2.70929256131577,1.5015652176526e-06,1.76609268297934,0.0004439538427859,0.651624370072415,True,True,True,1.50471758029619,0.0021357565972057,1.16542088837554,0.0149487728988312,0.773996998923457,True,True,True,2.17041325565971,3.05849097829582e-05,1.59743990869095,0.0010697821242184,0.735668304744516,True,True,True,4,4,0.754832651833987,4_of_4,up,True,True,True,True,up,3.0,2.48702675802331,2.48702675802331,True,True,True,False,False
FOSL1,-3.07435490721897,3.57940685701156e-05,-2.70773438270872,7.02505845931709e-05,0.880462406583607,True,True,True,-3.35434458492083,1.97145510133516e-05,-2.07463682887462,0.0010285739397222,0.618308127933624,True,True,True,-1.64113336351567,0.000262108481896,-1.45205241095553,0.0007385348611106,0.884247554563295,True,True,True,-2.64922268271051,3.76719974049794e-05,-1.44202773112643,0.0017432006259314,0.544115685272001,True,True,True,4,4,0.749385267258615,4_of_4,down,True,True,True,True,down,3.0,-1.82047585469504,1.82047585469504,True,True,True,False,False
GEMIN6,-0.633552683581683,0.0001730712873613,-0.77281602140661,3.95613385623472e-05,1.21789103001584,True,True,True,-1.53869914426161,8.57001494919396e-07,-0.894416473857631,0.0002150460549253,0.580903403883207,True,True,True,-0.597141265457209,0.0054060921994686,-0.388932884775243,0.0495132157037153,0.650235834302369,True,True,True,-0.556610489503003,0.0114802747101404,-0.466197771168249,0.034108307727622,0.836063488661718,True,True,True,4,4,0.743149661482043,4_of_4,down,True,True,True,True,down,3.0,-0.751076990181673,0.751076990181673,True,True,True,False,False
PDSS1,-1.10662007512605,0.0003518676859952,-0.97553655669993,0.0008297746055271,0.88075015847732,True,True,True,-2.30334377122924,4.90852727356429e-06,-1.34476887200397,0.000513046285492,0.583579971354105,True,True,True,-0.985064057598732,0.0026531439035932,-0.851687449667979,0.007075053721728,0.86372426122296,True,True,True,-1.45914408647816,0.0002825158426301,-0.898106954078295,0.0073077236384012,0.615081047408487,True,True,True,4,4,0.739402654315723,4_of_4,down,True,True,True,True,down,3.0,-1.28822793184859,1.28822793184859,True,True,True,False,False
DDX39A,-0.733528260192459,0.0002166553381551,-0.713880302930947,0.0002537367911474,0.971889499178559,True,True,True,-1.25135259935515,2.31285684000138e-06,-0.62759448675145,0.0021924173678172,0.501132418357741,True,True,True,-1.15905913185355,3.66802329001268e-05,-1.08316289210335,7.808509429029e-05,0.933713517148618,True,True,True,-1.28105680953173,6.42466995598653e-08,-0.695937982122103,3.22758934827092e-05,0.542829285682195,True,True,True,4,4,0.738271401415407,4_of_4,down,True,True,True,True,down,3.0,-1.40496482277323,1.40496482277323,True,True,True,False,False
RALB,-1.59089242048726,2.87911211259475e-05,-1.63747743360696,2.18873841820782e-05,1.02863573727284,True,True,True,-1.427771903212,1.29331714668351e-07,-0.929030925469677,1.32015977100068e-05,0.650230399534829,True,True,True,-1.24259630837129,8.00524695882617e-07,-1.01078819275811,6.07412554378867e-06,0.812794462281668,True,True,True,-1.0497318733546,5.12020017914368e-06,-0.601774684080601,0.0012491307668907,0.572719548479439,True,True,True,4,4,0.731512430908248,4_of_4,down,True,True,True,True,down,3.0,-0.542675351732106,0.542675351732106,True,True,True,False,False
ARSD,0.735037901424115,0.000600762766332,0.944583944757328,7.12860112522505e-05,1.28333601154195,True,True,True,1.46817688614895,0.0001412275831715,0.807529299708477,0.0273538196266028,0.549647430014501,True,True,True,0.792185794986026,0.0009086877090621,0.528270672545512,0.0148337052175931,0.666011262285426,True,True,True,0.546263661770982,0.0001126564930599,0.43543232619833,0.0012616248950277,0.795653643052495,True,True,True,4,4,0.73083245266896,4_of_4,up,True,True,True,True,up,3.0,1.78157952642725,1.78157952642725,True,True,True,False,False
TBC1D9,1.47548000132526,1.35710408845209e-05,1.52532830269809,8.95467455160268e-06,1.03308429598029,True,True,True,2.32924468605261,6.37008653545712e-07,1.27587620357075,0.0006174261440152,0.547528854462087,True,True,True,1.39475425141897,0.0001428328786252,1.26081666062078,0.0003798591651998,0.903322815845979,True,True,True,1.54357239407325,6.08891784496093e-06,0.794661858059647,0.0048072089816391,0.514486637925733,True,True,True,4,4,0.725425835154033,4_of_4,up,True,True,True,True,up,3.0,1.8288304848645,1.8288304848645,True,True,True,False,False
RPF2,-0.685234976487379,0.0001919495535562,-0.636279828164918,0.0003309578857753,0.927204018981711,True,True,True,-1.56840005150886,3.01974601538043e-07,-0.860992710161585,0.0001108954675743,0.548612642986602,True,True,True,-0.64071406801661,0.0015413672206116,-0.454963155119859,0.0139601901963566,0.70898111447992,True,True,True,-1.01888799042403,1.20654755044469e-06,-0.740443670460249,3.54365550213091e-05,0.726004892118007,True,True,True,4,4,0.717493003298963,4_of_4,down,True,True,True,True,down,3.0,-0.760169752393535,0.760169752393535,True,True,True,False,False
MLKL,-1.21699686404901,8.00125772717107e-06,-1.36730173555651,4.08770493271423e-06,1.12258231192087,True,True,True,-2.562543049381,2.22703985921481e-07,-1.73090141341777,1.1358364549258e-05,0.675198886882636,True,True,True,-1.08245737798643,0.0003664989051363,-0.810638569476113,0.0027669793458764,0.748196085925095,True,True,True,-1.48724511014764,2.82633745679516e-06,-1.0165857886916,0.0001020935271934,0.683076854585298,True,True,True,4,4,0.715636470255196,4_of_4,down,True,True,True,True,down,3.0,-1.58912477771625,1.58912477771625,True,True,True,False,False
ABHD4,1.49964160046959,2.33036980461727e-05,1.22452054322231,0.0001115728718596,0.815997999015305,True,True,True,2.27994316716233,2.49522742489266e-07,1.35985472086099,9.52043175242773e-05,0.596180887116427,True,True,True,1.55577268956331,4.35105428576525e-06,1.31031596941285,2.30201066430018e-05,0.841687407671833,True,True,True,1.92395664905148,4.3577864105961404e-09,1.18037759802114,8.95409648836778e-07,0.613196976982713,True,True,True,4,4,0.714597487999009,4_of_4,up,True,True,True,True,up,3.0,1.29695825555241,1.29695825555241,True,True,True,False,False
GPNMB,1.38705774677818,0.0117019131740489,1.15272256123993,0.0298195309200083,0.830457208221714,True,True,True,5.30173655938082,6.80043289649866e-07,3.16555957580995,0.0003192564075893,0.59696715844009,True,True,True,4.95078970200367,1.93907045672068e-07,5.14273487107732,2.25588439921818e-07,1.0385608397296,True,True,True,3.89880105517698,9.21246198680232e-06,2.29349032964592,0.0016103333029689,0.588104443584709,True,True,True,4,4,0.713712183330902,4_of_4,up,True,True,True,True,up,3.0,2.91761721967343,2.91761721967343,True,True,True,False,False
PNPT1,-0.841515680994146,4.5418920614746e-05,-0.706756398721771,0.0001672525839209,0.838864385156389,True,True,True,-1.87253593933085,7.70937962642904e-08,-0.964242034134178,2.34944967354936e-05,0.514664284731344,True,True,True,-0.552908108201233,0.0063763948635341,-0.404777288339029,0.035189384417065,0.730766136739733,True,True,True,-0.637444809108576,0.0001158417005404,-0.443264980677451,0.0030032562608116,0.694288643831808,True,True,True,4,4,0.712527390285771,4_of_4,down,True,True,True,True,down,3.0,-0.965352777550934,0.965352777550934,True,True,True,False,False
BTN3A1,0.860593568621888,0.0003076886162953,1.08593345728779,4.01556072248932e-05,1.26037785893032,True,True,True,2.04117055685888,2.835757625162e-05,1.13971330363655,0.0102703579068958,0.558089185944182,True,True,True,0.593894275371769,0.0060646075255472,0.452758780926339,0.0315760233908056,0.761074361731578,True,True,True,1.24293432901035,7.8112210544747e-06,0.79241404414288,0.0009898645891083,0.637022409995959,True,True,True,4,4,0.699048385863769,4_of_4,up,True,True,True,True,up,3.0,1.31936374712529,1.31936374712529,True,True,True,False,False
YPEL5,1.93875056150043,1.3155615085847e-06,1.96096919030727,1.2249441100073e-06,1.01093884400808,True,True,True,2.52693794998055,4.61501426185249e-06,1.47065001761871,0.0020393559593603,0.581758748322927,True,True,True,0.99855605476833,0.0004663135259216,0.800704039396609,0.0027971473110491,0.80105966601562,True,True,True,0.860943796711922,3.49153980377515e-06,0.44228499466743,0.0026572980705768,0.513125097430511,True,True,True,4,4,0.691409207169273,4_of_4,up,True,True,True,True,up,3.0,1.86243238805823,1.86243238805823,True,True,True,False,False
ADORA2B,-1.11535932622274,9.98611470084559e-05,-0.965750627393993,0.0002847349065516,0.865089406886276,True,True,True,-2.78083858977143,7.66286732156189e-07,-1.67790560829872,6.60051332883852e-05,0.603164257792752,True,True,True,-0.883192832714525,0.0004113573898241,-0.665103329318669,0.0032140346680362,0.752215246166113,True,True,True,-3.46628231300265,2.48374673625397e-08,-2.12972761126632,2.11505534041693e-07,0.614235421003831,True,True,True,4,4,0.683225333584972,4_of_4,down,True,True,True,True,down,3.0,-1.55010167666629,1.55010167666629,True,True,True,False,False
MAP1LC3B,0.605792805523168,6.17075897894024e-05,0.415629946873241,0.0011398624945852,0.68496188994016,True,True,True,0.97161742549616,1.4402687998754e-05,0.54673588325246,0.0052803869497212,0.562128406216406,True,True,True,0.874066110573417,0.0031060338678322,0.582216147389835,0.0346324444620415,0.665339613036,True,True,True,0.883478113921933,1.75838801606576e-05,0.589522970267514,0.0011574088153105,0.666520698464165,True,True,True,4,4,0.665930155750083,4_of_4,up,True,True,True,True,up,3.0,0.705656943958099,0.705656943958099,True,True,True,False,False
CCPG1,1.01720802795933,9.00943038580897e-05,0.62879354732532,0.0037192116885435,0.617549194328721,True,True,True,1.04230715807956,0.0003208117353555,0.597423929844441,0.0315124548050305,0.572625161456894,True,True,True,1.06219709105135,9.51221590576876e-05,1.12881577795554,7.24227743251877e-05,1.06171827166993,True,True,True,1.41852365218326,1.14559180185074e-06,0.967541211888257,8.80743385083586e-05,0.68159569613381,True,True,True,4,4,0.649572445231265,4_of_4,up,True,True,True,True,up,3.0,0.926172404732305,0.926172404732305,True,True,True,False,False
GPRC5A,1.92123881839358,1.69506957607508e-05,1.84828775031237,1.9580057592002e-05,0.961528678240401,True,True,True,1.35076910793909,2.05545749220312e-06,0.815558168238471,0.0006823041040437,0.603326532207762,True,True,True,0.974772706587263,0.0033259559254425,0.63496488887605,0.03751134492143,0.650730323352476,True,True,True,1.46008270740946,3.36086669169946e-07,0.80545917098989,0.0001948752508291,0.551275548540295,True,True,True,4,4,0.627028427780119,4_of_4,up,True,True,True,True,up,3.0,1.83442883174619,1.83442883174619,True,True,True,False,False
HMGA1,-1.33942608852734,3.57419640228583e-05,-1.47729325687621,1.38486708625427e-05,1.10210721017765,True,True,True,-2.95447888286201,2.2305628901794e-07,-1.75950725668458,6.04507606761221e-05,0.595337448319278,True,True,True,-1.95720955564921,6.62770744901926e-06,-1.18569462263033,0.0004257057743257,0.605499354862066,True,True,True,-3.49323671016229,2.31804517530288e-07,-2.13617511892853,2.64571075334651e-05,0.611342417849338,True,True,True,4,4,0.608420886355702,4_of_4,down,True,True,True,True,down,3.0,-2.02929662695752,2.02929662695752,True,True,True,False,False
